IQSS,LizGentile
scholar_harvard,LizGentile
kostyakashin,LizGentile
cogpsychology,LizGentile
LizGentile,scholar_harvard
LizGentile,edXOnline
LizGentile,Harvard
LizGentile,thedataorg
LizGentile,HGSE_ResrchTech
LizGentile,cogpsychology
LizGentile,kostyakashin
LizGentile,kinggary
LizGentile,IQSS
sisyphus00,HarvardLibrary
iLac,HarvardLibrary
philipdurbin,HarvardLibrary
jamesdotcuff,HarvardLibrary
Udadisi,HarvardLibrary
edXOnline,HarvardLibrary
DK_IM,HarvardLibrary
IQSS,HarvardLibrary
AndresMolano,HarvardLibrary
HarvardIOP,HarvardLibrary
Harvard,HarvardLibrary
scholar_harvard,HarvardLibrary
HarvardLibrary,edXOnline
HarvardLibrary,AndresMolano
HarvardLibrary,HarvardIOP
HarvardLibrary,scholar_harvard
HarvardLibrary,IQSS
HarvardLibrary,kinggary
HarvardLibrary,HarvardResearch
HarvardLibrary,Harvard
matt_blackwell,eddelbuettel
AlexPersi1,eddelbuettel
tristanzajonc,eddelbuettel
romain_francois,eddelbuettel
drmaltman,eddelbuettel
eddelbuettel,romain_francois
eddelbuettel,RLangTip
eddelbuettel,kinggary
Udadisi,HGSE_ResrchTech
MelissaDBarnett,HGSE_ResrchTech
scholar_harvard,HGSE_ResrchTech
maya_sen,HGSE_ResrchTech
Stata,HGSE_ResrchTech
LizGentile,HGSE_ResrchTech
IQSS,HGSE_ResrchTech
AndresMolano,HGSE_ResrchTech
HGSE_ResrchTech,maya_sen
HGSE_ResrchTech,shelbygrossman
HGSE_ResrchTech,MoynihanPatrick
HGSE_ResrchTech,tingley79
HGSE_ResrchTech,matt_blackwell
HGSE_ResrchTech,kostyakashin
HGSE_ResrchTech,aganimian
HGSE_ResrchTech,RLangTip
HGSE_ResrchTech,kinggary
HGSE_ResrchTech,scholar_harvard
HGSE_ResrchTech,Harvard
HGSE_ResrchTech,HarvardResearch
HGSE_ResrchTech,thedataorg
HGSE_ResrchTech,AndresMolano
HGSE_ResrchTech,Stata
HGSE_ResrchTech,IQSS
AlexPersi1,romain_francois
eddelbuettel,romain_francois
romain_francois,eddelbuettel
zhoutiti,matt_blackwell
zhoutiti,maya_sen
zhoutiti,aganimian
zhoutiti,IQSS
zhoutiti,scholar_harvard
zhoutiti,HarvardResearch
zhoutiti,jenjpan
zhoutiti,kostyakashin
zhoutiti,kinggary
drovithis,Stata
MelissaDBarnett,Stata
IQSS,Stata
HGSE_ResrchTech,Stata
DK_IM,Stata
iLac,Stata
aruhil,Stata
Stata,MelissaDBarnett
Stata,edXOnline
Stata,IQSS
Stata,HGSE_ResrchTech
Stata,DK_IM
Stata,iLac
Stata,kinggary
aruhil,thedataorg
aruhil,edXOnline
aruhil,RLangTip
aruhil,kinggary
aruhil,Stata
aruhil,IQSS
zhoutiti,IQSS
drovithis,IQSS
MelissaDBarnett,IQSS
oskorge,IQSS
Udadisi,IQSS
jon_m_rob,IQSS
Stata,IQSS
LizGentile,IQSS
kostyakashin,IQSS
cogpsychology,IQSS
HGSE_ResrchTech,IQSS
shelbygrossman,IQSS
iLac,IQSS
thedataorg,IQSS
harvard_dsl,IQSS
DK_IM,IQSS
drmaltman,IQSS
AndresMolano,IQSS
MoynihanPatrick,IQSS
jamesdotcuff,IQSS
tristanzajonc,IQSS
scholar_harvard,IQSS
HarvardLibrary,IQSS
aruhil,IQSS
HarvardIOP,IQSS
maya_sen,IQSS
mercecrosas,IQSS
matt_blackwell,IQSS
philipdurbin,IQSS
Harvard,IQSS
kinggary,IQSS
IQSS,iLac
IQSS,LizGentile
IQSS,RLangTip
IQSS,jon_m_rob
IQSS,Udadisi
IQSS,Stata
IQSS,kostyakashin
IQSS,cogpsychology
IQSS,HGSE_ResrchTech
IQSS,harvard_dsl
IQSS,shelbygrossman
IQSS,thedataorg
IQSS,MoynihanPatrick
IQSS,AndresMolano
IQSS,DK_IM
IQSS,drmaltman
IQSS,HarvardLibrary
IQSS,Harvard
IQSS,HarvardResearch
IQSS,tristanzajonc
IQSS,jamesdotcuff
IQSS,scholar_harvard
IQSS,maya_sen
IQSS,HarvardIOP
IQSS,matt_blackwell
IQSS,philipdurbin
IQSS,mercecrosas
IQSS,kinggary
philipdurbin,alexstorer
MoynihanPatrick,alexstorer
drmaltman,alexstorer
brorfred,alexstorer
alexstorer,drmaltman
alexstorer,MoynihanPatrick
alexstorer,kinggary
alexstorer,brorfred
HarvardLibrary,edXOnline
aruhil,edXOnline
iLac,edXOnline
philipdurbin,edXOnline
Stata,edXOnline
Udadisi,edXOnline
jamesdotcuff,edXOnline
LizGentile,edXOnline
MelissaDBarnett,edXOnline
kinggary,edXOnline
Harvard,edXOnline
edXOnline,HarvardLibrary
edXOnline,kinggary
edXOnline,HarvardResearch
edXOnline,Harvard
sisyphus00,fasrc
pauledmon,fasrc
iLac,fasrc
philipdurbin,fasrc
jamesdotcuff,fasrc
sjoeboo,fasrc
fasrc,pauledmon
fasrc,philipdurbin
fasrc,sjoeboo
fasrc,jamesdotcuff
zhoutiti,kostyakashin
philipdurbin,kostyakashin
iLac,kostyakashin
tristanzajonc,kostyakashin
jon_m_rob,kostyakashin
maya_sen,kostyakashin
LizGentile,kostyakashin
IQSS,kostyakashin
HGSE_ResrchTech,kostyakashin
shelbygrossman,kostyakashin
jenjpan,kostyakashin
kostyakashin,LizGentile
kostyakashin,maya_sen
kostyakashin,IQSS
kostyakashin,shelbygrossman
kostyakashin,jenjpan
kostyakashin,matt_blackwell
kostyakashin,kinggary
MoynihanPatrick,jon_m_rob
IQSS,jon_m_rob
jon_m_rob,RLangTip
jon_m_rob,maya_sen
jon_m_rob,MoynihanPatrick
jon_m_rob,kostyakashin
jon_m_rob,IQSS
jon_m_rob,matt_blackwell
jon_m_rob,kinggary
oskorge,philipdurbin
oskorge,thedataorg
oskorge,MoynihanPatrick
oskorge,matt_blackwell
oskorge,maya_sen
oskorge,HarvardIOP
oskorge,IQSS
oskorge,kinggary
alexstorer,brorfred
brorfred,alexstorer
oskorge,philipdurbin
mercecrosas,philipdurbin
pauledmon,philipdurbin
fasrc,philipdurbin
drmaltman,philipdurbin
sjoeboo,philipdurbin
jamesdotcuff,philipdurbin
IQSS,philipdurbin
kinggary,philipdurbin
philipdurbin,kostyakashin
philipdurbin,matt_blackwell
philipdurbin,HarvardLibrary
philipdurbin,alexstorer
philipdurbin,RLangTip
philipdurbin,edXOnline
philipdurbin,thedataorg
philipdurbin,maya_sen
philipdurbin,pauledmon
philipdurbin,drmaltman
philipdurbin,sjoeboo
philipdurbin,jamesdotcuff
philipdurbin,fasrc
philipdurbin,scholar_harvard
philipdurbin,mercecrosas
philipdurbin,IQSS
philipdurbin,kinggary
AlexPersi1,tristanzajonc
AlexPersi1,kinggary
AlexPersi1,jamesdotcuff
AlexPersi1,RLangTip
AlexPersi1,eddelbuettel
AlexPersi1,romain_francois
pauledmon,sjoeboo
fasrc,sjoeboo
jamesdotcuff,sjoeboo
philipdurbin,sjoeboo
sjoeboo,pauledmon
sjoeboo,philipdurbin
sjoeboo,jamesdotcuff
sjoeboo,fasrc
sjoeboo,Harvard
jon_m_rob,RLangTip
philipdurbin,RLangTip
AlexPersi1,RLangTip
IQSS,RLangTip
HGSE_ResrchTech,RLangTip
AndresMolano,RLangTip
aruhil,RLangTip
eddelbuettel,RLangTip
zhoutiti,HarvardResearch
mercecrosas,HarvardResearch
aganimian,HarvardResearch
iLac,HarvardResearch
Udadisi,HarvardResearch
edXOnline,HarvardResearch
HGSE_ResrchTech,HarvardResearch
jenjpan,HarvardResearch
harvard_dsl,HarvardResearch
MoynihanPatrick,HarvardResearch
IQSS,HarvardResearch
AndresMolano,HarvardResearch
HarvardLibrary,HarvardResearch
HarvardIOP,HarvardResearch
shelbygrossman,HarvardResearch
kinggary,HarvardResearch
Harvard,HarvardResearch
HarvardResearch,kinggary
HarvardResearch,Harvard
aruhil,thedataorg
oskorge,thedataorg
sisyphus00,thedataorg
jamesdotcuff,thedataorg
philipdurbin,thedataorg
LizGentile,thedataorg
maya_sen,thedataorg
HGSE_ResrchTech,thedataorg
IQSS,thedataorg
drmaltman,thedataorg
thedataorg,drmaltman
thedataorg,jamesdotcuff
thedataorg,IQSS
thedataorg,kinggary
HGSE_ResrchTech,tingley79
aganimian,iLac
IQSS,iLac
tristanzajonc,iLac
Stata,iLac
iLac,edXOnline
iLac,HarvardLibrary
iLac,kostyakashin
iLac,HarvardResearch
iLac,Harvard
iLac,kinggary
iLac,IQSS
iLac,jamesdotcuff
iLac,fasrc
iLac,tristanzajonc
iLac,WolframResearch
iLac,Stata
AlexPersi1,tristanzajonc
iLac,tristanzajonc
IQSS,tristanzajonc
tristanzajonc,kostyakashin
tristanzajonc,matt_blackwell
tristanzajonc,eddelbuettel
tristanzajonc,iLac
tristanzajonc,IQSS
tristanzajonc,kinggary
dfduncan,kinggary
zhoutiti,aganimian
HGSE_ResrchTech,aganimian
AndresMolano,aganimian
NicoleMJG,aganimian
aganimian,NicoleMJG
aganimian,iLac
aganimian,HarvardResearch
aganimian,kinggary
aganimian,AndresMolano
aganimian,Harvard
oskorge,HarvardIOP
Udadisi,HarvardIOP
AndresMolano,HarvardIOP
HarvardLibrary,HarvardIOP
IQSS,HarvardIOP
shelbygrossman,HarvardIOP
Harvard,HarvardIOP
HarvardIOP,HarvardLibrary
HarvardIOP,shelbygrossman
HarvardIOP,IQSS
HarvardIOP,HarvardResearch
HarvardIOP,Harvard
zhoutiti,jenjpan
kinggary,jenjpan
maya_sen,jenjpan
shelbygrossman,jenjpan
kostyakashin,jenjpan
jenjpan,maya_sen
jenjpan,HarvardResearch
jenjpan,shelbygrossman
jenjpan,kinggary
jenjpan,matt_blackwell
jenjpan,kostyakashin
zhoutiti,matt_blackwell
oskorge,matt_blackwell
philipdurbin,matt_blackwell
jon_m_rob,matt_blackwell
tristanzajonc,matt_blackwell
HGSE_ResrchTech,matt_blackwell
jenjpan,matt_blackwell
kostyakashin,matt_blackwell
shelbygrossman,matt_blackwell
maya_sen,matt_blackwell
IQSS,matt_blackwell
kinggary,matt_blackwell
matt_blackwell,eddelbuettel
matt_blackwell,maya_sen
matt_blackwell,IQSS
matt_blackwell,kinggary
LizGentile,cogpsychology
IQSS,cogpsychology
cogpsychology,LizGentile
cogpsychology,IQSS
drmaltman,mercecrosas
jamesdotcuff,mercecrosas
scholar_harvard,mercecrosas
philipdurbin,mercecrosas
IQSS,mercecrosas
kinggary,mercecrosas
mercecrosas,HarvardResearch
mercecrosas,philipdurbin
mercecrosas,drmaltman
mercecrosas,jamesdotcuff
mercecrosas,scholar_harvard
mercecrosas,IQSS
mercecrosas,kinggary
maya_sen,shelbygrossman
HGSE_ResrchTech,shelbygrossman
IQSS,shelbygrossman
jenjpan,shelbygrossman
kostyakashin,shelbygrossman
HarvardIOP,shelbygrossman
kinggary,shelbygrossman
shelbygrossman,maya_sen
shelbygrossman,IQSS
shelbygrossman,jenjpan
shelbygrossman,kostyakashin
shelbygrossman,matt_blackwell
shelbygrossman,HarvardIOP
shelbygrossman,HarvardResearch
shelbygrossman,kinggary
sisyphus00,fasrc
sisyphus00,Harvard
sisyphus00,HarvardLibrary
sisyphus00,scholar_harvard
sisyphus00,thedataorg
sisyphus00,jamesdotcuff
IQSS,Udadisi
scholar_harvard,Udadisi
Udadisi,jamesdotcuff
Udadisi,kinggary
Udadisi,HGSE_ResrchTech
Udadisi,edXOnline
Udadisi,scholar_harvard
Udadisi,IQSS
Udadisi,HarvardIOP
Udadisi,HarvardLibrary
Udadisi,HarvardResearch
Udadisi,Harvard
dfduncan,kinggary
drovithis,kinggary
Udadisi,kinggary
zhoutiti,kinggary
AlexPersi1,kinggary
MelissaDBarnett,kinggary
jon_m_rob,kinggary
LizGentile,kinggary
iLac,kinggary
edXOnline,kinggary
HGSE_ResrchTech,kinggary
aganimian,kinggary
jenjpan,kinggary
thedataorg,kinggary
AndresMolano,kinggary
harvard_dsl,kinggary
alexstorer,kinggary
drmaltman,kinggary
oskorge,kinggary
kostyakashin,kinggary
aruhil,kinggary
MoynihanPatrick,kinggary
eddelbuettel,kinggary
Stata,kinggary
jamesdotcuff,kinggary
tristanzajonc,kinggary
scholar_harvard,kinggary
HarvardLibrary,kinggary
maya_sen,kinggary
DK_IM,kinggary
shelbygrossman,kinggary
IQSS,kinggary
matt_blackwell,kinggary
philipdurbin,kinggary
HarvardResearch,kinggary
Harvard,kinggary
mercecrosas,kinggary
kinggary,maya_sen
kinggary,jenjpan
kinggary,edXOnline
kinggary,MoynihanPatrick
kinggary,jamesdotcuff
kinggary,scholar_harvard
kinggary,DK_IM
kinggary,shelbygrossman
kinggary,IQSS
kinggary,matt_blackwell
kinggary,philipdurbin
kinggary,HarvardResearch
kinggary,Harvard
kinggary,mercecrosas
aganimian,NicoleMJG
NicoleMJG,Harvard
NicoleMJG,aganimian
iLac,WolframResearch
thedataorg,drmaltman
mercecrosas,drmaltman
alexstorer,drmaltman
scholar_harvard,drmaltman
philipdurbin,drmaltman
IQSS,drmaltman
drmaltman,thedataorg
drmaltman,MoynihanPatrick
drmaltman,alexstorer
drmaltman,jamesdotcuff
drmaltman,philipdurbin
drmaltman,Harvard
drmaltman,mercecrosas
drmaltman,eddelbuettel
drmaltman,IQSS
drmaltman,kinggary
thedataorg,jamesdotcuff
Udadisi,jamesdotcuff
sisyphus00,jamesdotcuff
AlexPersi1,jamesdotcuff
scholar_harvard,jamesdotcuff
pauledmon,jamesdotcuff
fasrc,jamesdotcuff
iLac,jamesdotcuff
drmaltman,jamesdotcuff
philipdurbin,jamesdotcuff
mercecrosas,jamesdotcuff
kinggary,jamesdotcuff
sjoeboo,jamesdotcuff
IQSS,jamesdotcuff
jamesdotcuff,thedataorg
jamesdotcuff,scholar_harvard
jamesdotcuff,HarvardLibrary
jamesdotcuff,edXOnline
jamesdotcuff,pauledmon
jamesdotcuff,sjoeboo
jamesdotcuff,Harvard
jamesdotcuff,philipdurbin
jamesdotcuff,mercecrosas
jamesdotcuff,IQSS
jamesdotcuff,fasrc
jamesdotcuff,kinggary
oskorge,MoynihanPatrick
jon_m_rob,MoynihanPatrick
MelissaDBarnett,MoynihanPatrick
HGSE_ResrchTech,MoynihanPatrick
drmaltman,MoynihanPatrick
IQSS,MoynihanPatrick
alexstorer,MoynihanPatrick
kinggary,MoynihanPatrick
MoynihanPatrick,jon_m_rob
MoynihanPatrick,MelissaDBarnett
MoynihanPatrick,alexstorer
MoynihanPatrick,HarvardResearch
MoynihanPatrick,IQSS
MoynihanPatrick,kinggary
harvard_dsl,Harvard
NicoleMJG,Harvard
sisyphus00,Harvard
LizGentile,Harvard
pauledmon,Harvard
iLac,Harvard
edXOnline,Harvard
HGSE_ResrchTech,Harvard
drmaltman,Harvard
DK_IM,Harvard
Udadisi,Harvard
jamesdotcuff,Harvard
IQSS,Harvard
AndresMolano,Harvard
sjoeboo,Harvard
HarvardLibrary,Harvard
HarvardIOP,Harvard
aganimian,Harvard
kinggary,Harvard
HarvardResearch,Harvard
Harvard,edXOnline
Harvard,HarvardLibrary
Harvard,HarvardIOP
Harvard,IQSS
Harvard,kinggary
Harvard,HarvardResearch
karalimck,iqssrtc
student_resh,iqssrtc
dfduncan,iqssrtc
mvturman,iqssrtc
aruhil,iqssrtc
zhoutiti,iqssrtc
harvard_dsl,iqssrtc
NicoleMJG,iqssrtc
oskorge,iqssrtc
drovithis,iqssrtc
kinggary,iqssrtc
DK_IM,iqssrtc
mercecrosas,iqssrtc
aganimian,iqssrtc
Udadisi,iqssrtc
sisyphus00,iqssrtc
AndresMolano,iqssrtc
iLac,iqssrtc
brorfred,iqssrtc
philipdurbin,iqssrtc
jon_m_rob,iqssrtc
AlexPersi1,iqssrtc
MelissaDBarnett,iqssrtc
pauledmon,iqssrtc
sjoeboo,iqssrtc
jamesdotcuff,iqssrtc
scholar_harvard,iqssrtc
maya_sen,iqssrtc
LizGentile,iqssrtc
tristanzajonc,iqssrtc
MoynihanPatrick,iqssrtc
cogpsychology,iqssrtc
amanda_ie,iqssrtc
IQSS,iqssrtc
HGSE_ResrchTech,iqssrtc
shelbygrossman,iqssrtc
jenjpan,iqssrtc
Stata,iqssrtc
kostyakashin,iqssrtc
alexstorer,iqssrtc
drmaltman,iqssrtc
iqssrtc,pauledmon
iqssrtc,MelissaDBarnett
iqssrtc,AndresMolano
iqssrtc,aganimian
iqssrtc,DK_IM
iqssrtc,fasrc
iqssrtc,jamesdotcuff
iqssrtc,RLangTip
iqssrtc,maya_sen
iqssrtc,philipdurbin
iqssrtc,edXOnline
iqssrtc,amanda_ie
iqssrtc,cogpsychology
iqssrtc,HGSE_ResrchTech
iqssrtc,shelbygrossman
iqssrtc,eddelbuettel
iqssrtc,romain_francois
iqssrtc,alexstorer
iqssrtc,mercecrosas
iqssrtc,thedataorg
iqssrtc,tingley79
iqssrtc,matt_blackwell
iqssrtc,kostyakashin
iqssrtc,jenjpan
iqssrtc,drmaltman
iqssrtc,StackExchange
iqssrtc,Stata
iqssrtc,WolframResearch
iqssrtc,HarvardResearch
iqssrtc,HarvardIOP
iqssrtc,HarvardLibrary
iqssrtc,Harvard
iqssrtc,scholar_harvard
iqssrtc,MoynihanPatrick
iqssrtc,IQSS
iqssrtc,kinggary
HGSE_ResrchTech,AndresMolano
scholar_harvard,AndresMolano
IQSS,AndresMolano
aganimian,AndresMolano
HarvardLibrary,AndresMolano
AndresMolano,HGSE_ResrchTech
AndresMolano,HarvardIOP
AndresMolano,kinggary
AndresMolano,scholar_harvard
AndresMolano,RLangTip
AndresMolano,aganimian
AndresMolano,IQSS
AndresMolano,HarvardLibrary
AndresMolano,HarvardResearch
AndresMolano,Harvard
Stata,MelissaDBarnett
MoynihanPatrick,MelissaDBarnett
MelissaDBarnett,Stata
MelissaDBarnett,IQSS
MelissaDBarnett,kinggary
MelissaDBarnett,edXOnline
MelissaDBarnett,HGSE_ResrchTech
MelissaDBarnett,MoynihanPatrick
IQSS,harvard_dsl
harvard_dsl,Harvard
harvard_dsl,kinggary
harvard_dsl,IQSS
harvard_dsl,HarvardResearch
zhoutiti,scholar_harvard
sisyphus00,scholar_harvard
jamesdotcuff,scholar_harvard
Udadisi,scholar_harvard
LizGentile,scholar_harvard
HGSE_ResrchTech,scholar_harvard
AndresMolano,scholar_harvard
philipdurbin,scholar_harvard
mercecrosas,scholar_harvard
kinggary,scholar_harvard
IQSS,scholar_harvard
HarvardLibrary,scholar_harvard
scholar_harvard,LizGentile
scholar_harvard,Udadisi
scholar_harvard,jamesdotcuff
scholar_harvard,HGSE_ResrchTech
scholar_harvard,AndresMolano
scholar_harvard,drmaltman
scholar_harvard,mercecrosas
scholar_harvard,kinggary
scholar_harvard,HarvardLibrary
scholar_harvard,IQSS
zhoutiti,maya_sen
oskorge,maya_sen
kinggary,maya_sen
jon_m_rob,maya_sen
philipdurbin,maya_sen
shelbygrossman,maya_sen
HGSE_ResrchTech,maya_sen
kostyakashin,maya_sen
jenjpan,maya_sen
IQSS,maya_sen
matt_blackwell,maya_sen
maya_sen,shelbygrossman
maya_sen,thedataorg
maya_sen,jenjpan
maya_sen,kostyakashin
maya_sen,HGSE_ResrchTech
maya_sen,IQSS
maya_sen,matt_blackwell
maya_sen,kinggary
fasrc,pauledmon
sjoeboo,pauledmon
philipdurbin,pauledmon
jamesdotcuff,pauledmon
pauledmon,Harvard
pauledmon,sjoeboo
pauledmon,fasrc
pauledmon,jamesdotcuff
pauledmon,philipdurbin
